{"actions":[],"apps":[{"acl":{"app":[],"field":[],"record":[]},"app":null,"category":{"categories":[],"useCategory":"false"},"form":{"layout":"[{\"id\":null,\"type\":\"ROW\",\"isSubTable\":false,\"var\":null,\"controlList\":[{\"label\":\"\u003Cdiv\u003E\u003Cb\u003E\u003Cfont size=\\\"4\\\"\u003Ebank client data\u003C/font\u003E\u003C/b\u003E\u003C/div\u003E\",\"styleMap\":{\"width\":189},\"type\":\"LABEL\"},{\"styleMap\":{\"width\":754},\"type\":\"HR\"}]},{\"id\":null,\"type\":\"ROW\",\"isSubTable\":false,\"var\":null,\"controlList\":[{\"isVirtical\":true,\"type\":\"DECIMAL\",\"styleMap\":{\"width\":193},\"label\":\"age\",\"var\":\"age\"},{\"isVirtical\":true,\"type\":\"SINGLE_SELECT\",\"styleMap\":{\"width\":196},\"label\":\"job\",\"var\":\"job\"}]},{\"id\":null,\"type\":\"ROW\",\"isSubTable\":false,\"var\":null,\"controlList\":[{\"isVirtical\":true,\"type\":\"SINGLE_CHECK\",\"styleMap\":{\"width\":434},\"label\":\"marital\",\"var\":\"marital\",\"align\":\"horizontal\"},{\"isVirtical\":true,\"type\":\"SINGLE_SELECT\",\"styleMap\":{\"width\":196},\"label\":\"education\",\"var\":\"education\"}]},{\"id\":null,\"type\":\"ROW\",\"isSubTable\":false,\"var\":null,\"controlList\":[{\"isVirtical\":true,\"type\":\"SINGLE_CHECK\",\"styleMap\":{\"width\":272},\"label\":\"default\",\"var\":\"default\",\"align\":\"horizontal\"},{\"isVirtical\":true,\"type\":\"SINGLE_CHECK\",\"styleMap\":{\"width\":272},\"label\":\"housing\",\"var\":\"housing\",\"align\":\"horizontal\"},{\"isVirtical\":true,\"type\":\"SINGLE_CHECK\",\"styleMap\":{\"width\":272},\"label\":\"loan\",\"var\":\"loan\",\"align\":\"horizontal\"}]},{\"id\":null,\"type\":\"ROW\",\"isSubTable\":false,\"var\":null,\"controlList\":[{\"label\":\"\u003Cdiv\u003E\u003Cb\u003E\u003Cfont size=\\\"4\\\"\u003Erelated with the last contact of the current campain\u003C/font\u003E\u003C/b\u003E\u003C/div\u003E\",\"styleMap\":{\"width\":535},\"type\":\"LABEL\"},{\"styleMap\":{\"width\":408},\"type\":\"HR\"}]},{\"id\":null,\"type\":\"ROW\",\"isSubTable\":false,\"var\":null,\"controlList\":[{\"isVirtical\":true,\"type\":\"SINGLE_CHECK\",\"styleMap\":{\"width\":237},\"label\":\"contact\",\"var\":\"contact\",\"align\":\"horizontal\"},{\"isVirtical\":true,\"type\":\"SINGLE_SELECT\",\"styleMap\":{\"width\":196},\"label\":\"month\",\"var\":\"month\"},{\"isVirtical\":true,\"type\":\"SINGLE_SELECT\",\"styleMap\":{\"width\":196},\"label\":\"day_of_week\",\"var\":\"day_of_week\"},{\"isVirtical\":true,\"type\":\"DECIMAL\",\"styleMap\":{\"width\":193},\"label\":\"duration\",\"var\":\"duration\"}]},{\"id\":null,\"type\":\"ROW\",\"isSubTable\":false,\"var\":null,\"controlList\":[{\"label\":\"\u003Cdiv\u003E\u003Cb\u003E\u003Cfont size=\\\"4\\\"\u003Eother attributes\u003C/font\u003E\u003C/b\u003E\u003C/div\u003E\",\"styleMap\":{\"width\":196},\"type\":\"LABEL\"},{\"styleMap\":{\"width\":747},\"type\":\"HR\"}]},{\"id\":null,\"type\":\"ROW\",\"isSubTable\":false,\"var\":null,\"controlList\":[{\"isVirtical\":true,\"type\":\"DECIMAL\",\"styleMap\":{\"width\":193},\"label\":\"campaign\",\"var\":\"campaign\"},{\"isVirtical\":true,\"type\":\"DECIMAL\",\"styleMap\":{\"width\":193},\"label\":\"pdays\",\"var\":\"pdays\"},{\"isVirtical\":true,\"type\":\"DECIMAL\",\"styleMap\":{\"width\":193},\"label\":\"previous\",\"var\":\"previous\"},{\"isVirtical\":true,\"type\":\"SINGLE_CHECK\",\"styleMap\":{\"width\":349},\"label\":\"poutcome\",\"var\":\"poutcome\",\"align\":\"horizontal\"}]},{\"id\":null,\"type\":\"ROW\",\"isSubTable\":false,\"var\":null,\"controlList\":[{\"label\":\"\u003Cdiv\u003E\u003Cb\u003E\u003Cfont size=\\\"4\\\"\u003Esocial and economic context attributes\u003C/font\u003E\u003C/b\u003E\u003C/div\u003E\",\"styleMap\":{\"width\":410},\"type\":\"LABEL\"},{\"styleMap\":{\"width\":533},\"type\":\"HR\"}]},{\"id\":null,\"type\":\"ROW\",\"isSubTable\":false,\"var\":null,\"controlList\":[{\"isVirtical\":true,\"type\":\"DECIMAL\",\"styleMap\":{\"width\":193},\"label\":\"emp_var_rate\",\"var\":\"emp_var_rate\"},{\"isVirtical\":true,\"type\":\"DECIMAL\",\"styleMap\":{\"width\":193},\"label\":\"cons_price_idx\",\"var\":\"cons_price_idx\"},{\"isVirtical\":true,\"type\":\"DECIMAL\",\"styleMap\":{\"width\":193},\"label\":\"cons_conf_idx\",\"var\":\"cons_conf_idx\"}]},{\"id\":null,\"type\":\"ROW\",\"isSubTable\":false,\"var\":null,\"controlList\":[{\"isVirtical\":true,\"type\":\"DECIMAL\",\"styleMap\":{\"width\":193},\"label\":\"euribor3m\",\"var\":\"euribor3m\"},{\"isVirtical\":true,\"type\":\"DECIMAL\",\"styleMap\":{\"width\":193},\"label\":\"nr_employed\",\"var\":\"nr_employed\"}]},{\"id\":null,\"type\":\"ROW\",\"isSubTable\":false,\"var\":null,\"controlList\":[{\"label\":\"\u003Cdiv\u003E\u003Cfont size=\\\"4\\\"\u003E\u003Cspan style=\\\"line-height: 27.0px;\\\"\u003E\u003Cb\u003Eresult\u003C/b\u003E\u003C/span\u003E\u003C/font\u003E\u003C/div\u003E\",\"styleMap\":{\"width\":90},\"type\":\"LABEL\"},{\"styleMap\":{\"width\":853},\"type\":\"HR\"}]},{\"id\":null,\"type\":\"ROW\",\"isSubTable\":false,\"var\":null,\"controlList\":[{\"isVirtical\":true,\"type\":\"DECIMAL\",\"styleMap\":{\"width\":193},\"label\":\"y\",\"var\":\"y\"},{\"isVirtical\":true,\"type\":\"DECIMAL\",\"styleMap\":{\"width\":193},\"label\":\"y_est\",\"var\":\"y_est\"}]},{\"id\":null,\"type\":\"ROW\",\"isSubTable\":false,\"var\":null,\"controlList\":[{\"styleMap\":{\"width\":48,\"height\":29},\"elementId\":\"\",\"type\":\"SPACER\"},{\"label\":\"\u003Cdiv\u003E\u003Cspan style=\\\"line-height: 1.5;\\\"\u003E( yes: 1, no: 0 )\u003C/span\u003E\u003Cbr /\u003E\u003C/div\u003E\",\"styleMap\":{\"width\":135},\"type\":\"LABEL\"}]},{\"id\":null,\"type\":\"ROW\",\"isSubTable\":false,\"var\":null,\"controlList\":[{\"label\":\"\u003Cdiv\u003E\u003Cfont size=\\\"4\\\"\u003E\u003Cspan style=\\\"line-height: 27.0px;\\\"\u003E\u003Cb\u003Eattribute information\u003C/b\u003E\u003C/span\u003E\u003C/font\u003E\u003C/div\u003E\",\"styleMap\":{\"width\":236},\"type\":\"LABEL\"},{\"styleMap\":{\"width\":707},\"type\":\"HR\"}]},{\"id\":null,\"type\":\"ROW\",\"isSubTable\":false,\"var\":null,\"controlList\":[{\"isVirtical\":true,\"styleMap\":{},\"canvasData\":[{\"id\":null,\"type\":\"ROW\",\"isSubTable\":false,\"var\":null,\"controlList\":[{\"label\":\"\u003Cdiv\u003E        \u003Cp class=\\\"p1\\\"\u003E\u003Cspan class=\\\"s1\\\"\u003EInput variables:\u003C/span\u003E\u003C/p\u003E \u003Cp class=\\\"p1\\\"\u003E\u003Cspan class=\\\"s1\\\"\u003E# bank client data:\u003C/span\u003E\u003C/p\u003E \u003Cp class=\\\"p1\\\"\u003E\u003Cspan class=\\\"s1\\\"\u003E1 - age (numeric)\u003C/span\u003E\u003C/p\u003E \u003Cp class=\\\"p1\\\"\u003E\u003Cspan class=\\\"s1\\\"\u003E2 - job : type of job (categorical: 'admin.','blue-collar','entrepreneur','housemaid','management','retired','self-employed','services','student','technician','unemployed','unknown')\u003C/span\u003E\u003C/p\u003E \u003Cp class=\\\"p1\\\"\u003E\u003Cspan class=\\\"s1\\\"\u003E3 - marital : marital status (categorical: 'divorced','married','single','unknown'; note: 'divorced' means divorced or widowed)\u003C/span\u003E\u003C/p\u003E \u003Cp class=\\\"p1\\\"\u003E\u003Cspan class=\\\"s1\\\"\u003E4 - education (categorical: 'basic.4y','basic.6y','basic.9y','high.school','illiterate','professional.course','university.degree','unknown')\u003C/span\u003E\u003C/p\u003E \u003Cp class=\\\"p1\\\"\u003E\u003Cspan class=\\\"s1\\\"\u003E5 - default: has credit in default? (categorical: 'no','yes','unknown')\u003C/span\u003E\u003C/p\u003E \u003Cp class=\\\"p1\\\"\u003E\u003Cspan class=\\\"s1\\\"\u003E6 - housing: has housing loan? (categorical: 'no','yes','unknown')\u003C/span\u003E\u003C/p\u003E \u003Cp class=\\\"p1\\\"\u003E\u003Cspan class=\\\"s1\\\"\u003E7 - loan: has personal loan? (categorical: 'no','yes','unknown')\u003C/span\u003E\u003C/p\u003E \u003Cp class=\\\"p1\\\"\u003E\u003Cspan class=\\\"s1\\\"\u003E# related with the last contact of the current campaign:\u003C/span\u003E\u003C/p\u003E \u003Cp class=\\\"p1\\\"\u003E\u003Cspan class=\\\"s1\\\"\u003E8 - contact: contact communication type (categorical: 'cellular','telephone')\\u00a0\u003C/span\u003E\u003C/p\u003E \u003Cp class=\\\"p1\\\"\u003E\u003Cspan class=\\\"s1\\\"\u003E9 - month: last contact month of year (categorical: 'jan', 'feb', 'mar', ..., 'nov', 'dec')\u003C/span\u003E\u003C/p\u003E \u003Cp class=\\\"p1\\\"\u003E\u003Cspan class=\\\"s1\\\"\u003E10 - day_of_week: last contact day of the week (categorical: 'mon','tue','wed','thu','fri')\u003C/span\u003E\u003C/p\u003E \u003Cp class=\\\"p1\\\"\u003E\u003Cspan class=\\\"s1\\\"\u003E11 - duration: last contact duration, in seconds (numeric). Important note: this attribute highly affects the output target (e.g., if duration=0 then y='no'). Yet, the duration is not known before a call is performed. Also, after the end of the call y is obviously known. Thus, this input should only be included for benchmark purposes and should be discarded if the intention is to have a realistic predictive model.\u003C/span\u003E\u003C/p\u003E \u003Cp class=\\\"p1\\\"\u003E\u003Cspan class=\\\"s1\\\"\u003E# other attributes:\u003C/span\u003E\u003C/p\u003E \u003Cp class=\\\"p1\\\"\u003E\u003Cspan class=\\\"s1\\\"\u003E12 - campaign: number of contacts performed during this campaign and for this client (numeric, includes last contact)\u003C/span\u003E\u003C/p\u003E \u003Cp class=\\\"p1\\\"\u003E\u003Cspan class=\\\"s1\\\"\u003E13 - pdays: number of days that passed by after the client was last contacted from a previous campaign (numeric; 999 means client was not previously contacted)\u003C/span\u003E\u003C/p\u003E \u003Cp class=\\\"p1\\\"\u003E\u003Cspan class=\\\"s1\\\"\u003E14 - previous: number of contacts performed before this campaign and for this client (numeric)\u003C/span\u003E\u003C/p\u003E \u003Cp class=\\\"p1\\\"\u003E\u003Cspan class=\\\"s1\\\"\u003E15 - poutcome: outcome of the previous marketing campaign (categorical: 'failure','nonexistent','success')\u003C/span\u003E\u003C/p\u003E \u003Cp class=\\\"p1\\\"\u003E\u003Cspan class=\\\"s1\\\"\u003E# social and economic context attributes\u003C/span\u003E\u003C/p\u003E \u003Cp class=\\\"p1\\\"\u003E\u003Cspan class=\\\"s1\\\"\u003E16 - emp.var.rate: employment variation rate - quarterly indicator (numeric)\u003C/span\u003E\u003C/p\u003E \u003Cp class=\\\"p1\\\"\u003E\u003Cspan class=\\\"s1\\\"\u003E17 - cons.price.idx: consumer price index - monthly indicator (numeric)\\u00a0\u003C/span\u003E\u003C/p\u003E \u003Cp class=\\\"p1\\\"\u003E\u003Cspan class=\\\"s1\\\"\u003E18 - cons.conf.idx: consumer confidence index - monthly indicator (numeric)\\u00a0\u003C/span\u003E\u003C/p\u003E \u003Cp class=\\\"p1\\\"\u003E\u003Cspan class=\\\"s1\\\"\u003E19 - euribor3m: euribor 3 month rate - daily indicator (numeric)\u003C/span\u003E\u003C/p\u003E \u003Cp class=\\\"p1\\\"\u003E\u003Cspan class=\\\"s1\\\"\u003E20 - nr.employed: number of employees - quarterly indicator (numeric)\u003C/span\u003E\u003C/p\u003E \u003Cp class=\\\"p2\\\"\u003E\u003Cbr /\u003E\u003C/p\u003E \u003Cp class=\\\"p1\\\"\u003E\u003Cspan class=\\\"s1\\\"\u003EOutput variable (desired target):\u003C/span\u003E\u003C/p\u003E \u003Cp class=\\\"p1\\\"\u003E\u003Cspan class=\\\"s1\\\"\u003E21 - y - has the client subscribed a term deposit? (binary: 'yes','no')\u003C/span\u003E\u003C/p\u003E\u003C/div\u003E\",\"styleMap\":{\"width\":2846},\"type\":\"LABEL\"}]}],\"type\":\"GROUP\",\"var\":\"\\u30b0\\u30eb\\u30fc\\u30d7\",\"label\":\"\\u30b0\\u30eb\\u30fc\\u30d7\"}]}]","revision":null},"iconMeta":null,"info":{"code":null,"decimalPrecision":"16","decimalScale":"4","description":"\u003Cdiv\u003Ekintoneの契約情報は公開されていませんので、サンプルデータはAmazon Machine Learning \u003Ca href=\"http://docs.aws.amazon.com/machine-learning/latest/dg/tutorial.html\"\u003Eチュートリアル\u003C/a\u003Eに登場する「\u003Ca href=\"http://archive.ics.uci.edu/ml/datasets.html\"\u003EUniversity of California at Irvine Machine Learning Repository\u003C/a\u003E」の「\u003Ca href=\"http://archive.ics.uci.edu/ml/datasets/Bank+Marketing\"\u003EBank Marketing Data Set\u003C/a\u003E」を利用します（アプリの構成もこれに準じています）。\u003C/div\u003E","enableBulkDeletion":"false","fiscalYearStartMonth":"4","iconKey":"APP65","iconType":"PRESET","jsFiles":null,"jsScope":"ALL","name":"kintone契約情報管理","roundingMode":"HALF_EVEN","theme":"PLAIN","titleComponentLocalId":null,"useComment":"true","useHistory":"true","useThumbnail":"true"},"jsFiles":[{"jsFileMetas":[{"internalName":null,"locationType":"BLOB","mime":"text/css","name":"51-us-default.css","url":null},{"internalName":null,"locationType":"URL","mime":null,"name":null,"url":"https://js.cybozu.com/sweetalert/v0.5.0/sweet-alert.css"}],"jsType":"DESKTOP_CSS"},{"jsFileMetas":[{"internalName":null,"locationType":"URL","mime":null,"name":null,"url":"https://js.cybozu.com/jquery/1.11.3/jquery.min.js"},{"internalName":null,"locationType":"URL","mime":null,"name":null,"url":"https://js.cybozu.com/spinjs/2.0.1/spin.min.js"},{"internalName":null,"locationType":"URL","mime":null,"name":null,"url":"https://js.cybozu.com/sweetalert/v0.5.0/sweet-alert.min.js"},{"internalName":null,"locationType":"BLOB","mime":"text/javascript","name":"kintone-subscription.js","url":null}],"jsType":"DESKTOP"}],"notification":{"appNotifications":[{"events":["RECORD_COMMENT_ADDED"],"target":{"entityId":"5265795","entityType":"FIELD_ENTITY","includeSubs":"false"}},{"events":["RECORD_COMMENT_ADDED"],"target":{"entityId":"5265796","entityType":"FIELD_ENTITY","includeSubs":"false"}}],"recordNotifications":[],"reminderTimezone":null,"reminders":[],"useComment":"true","useReminder":"false"},"plugin":{"pluginIds":[]},"reports":[],"resource":{"tables":[{"rows":[{"fields":[],"objectId":"0","subObjectId":"-1"}],"type":"AppName"},{"rows":[{"fields":[],"objectId":"0","subObjectId":"-1"}],"type":"AppDescription"},{"rows":[{"fields":[],"objectId":"5265794","subObjectId":"-1"},{"fields":[],"objectId":"5265795","subObjectId":"-1"},{"fields":[],"objectId":"5265796","subObjectId":"-1"},{"fields":[],"objectId":"5265797","subObjectId":"-1"},{"fields":[],"objectId":"5265798","subObjectId":"-1"},{"fields":[],"objectId":"5265799","subObjectId":"-1"},{"fields":[],"objectId":"5265800","subObjectId":"-1"},{"fields":[],"objectId":"5265801","subObjectId":"-1"},{"fields":[],"objectId":"5265855","subObjectId":"-1"},{"fields":[],"objectId":"5265856","subObjectId":"-1"},{"fields":[],"objectId":"5265856","subObjectId":"5265802"},{"fields":[],"objectId":"5265856","subObjectId":"5265803"},{"fields":[],"objectId":"5265856","subObjectId":"5265804"},{"fields":[],"objectId":"5265856","subObjectId":"5265805"},{"fields":[],"objectId":"5265856","subObjectId":"5265806"},{"fields":[],"objectId":"5265856","subObjectId":"5265807"},{"fields":[],"objectId":"5265856","subObjectId":"5265808"},{"fields":[],"objectId":"5265856","subObjectId":"5265809"},{"fields":[],"objectId":"5265856","subObjectId":"5265810"},{"fields":[],"objectId":"5265856","subObjectId":"5265811"},{"fields":[],"objectId":"5265856","subObjectId":"5265812"},{"fields":[],"objectId":"5265856","subObjectId":"5265813"},{"fields":[],"objectId":"5265857","subObjectId":"-1"},{"fields":[],"objectId":"5265857","subObjectId":"5265814"},{"fields":[],"objectId":"5265857","subObjectId":"5265815"},{"fields":[],"objectId":"5265857","subObjectId":"5265816"},{"fields":[],"objectId":"5265857","subObjectId":"5265817"},{"fields":[],"objectId":"5265858","subObjectId":"-1"},{"fields":[],"objectId":"5265858","subObjectId":"5265818"},{"fields":[],"objectId":"5265858","subObjectId":"5265824"},{"fields":[],"objectId":"5265858","subObjectId":"5265822"},{"fields":[],"objectId":"5265858","subObjectId":"5265821"},{"fields":[],"objectId":"5265858","subObjectId":"5265825"},{"fields":[],"objectId":"5265858","subObjectId":"5265823"},{"fields":[],"objectId":"5265858","subObjectId":"5265820"},{"fields":[],"objectId":"5265858","subObjectId":"5265819"},{"fields":[],"objectId":"5265859","subObjectId":"-1"},{"fields":[],"objectId":"5265859","subObjectId":"5265828"},{"fields":[],"objectId":"5265859","subObjectId":"5265827"},{"fields":[],"objectId":"5265859","subObjectId":"5265826"},{"fields":[],"objectId":"5265860","subObjectId":"-1"},{"fields":[],"objectId":"5265860","subObjectId":"5265829"},{"fields":[],"objectId":"5265860","subObjectId":"5265830"},{"fields":[],"objectId":"5265860","subObjectId":"5265831"},{"fields":[],"objectId":"5265861","subObjectId":"-1"},{"fields":[],"objectId":"5265861","subObjectId":"5265833"},{"fields":[],"objectId":"5265861","subObjectId":"5265832"},{"fields":[],"objectId":"5265861","subObjectId":"5265834"},{"fields":[],"objectId":"5265862","subObjectId":"-1"},{"fields":[],"objectId":"5265862","subObjectId":"5265835"},{"fields":[],"objectId":"5265862","subObjectId":"5265836"},{"fields":[],"objectId":"5265863","subObjectId":"-1"},{"fields":[],"objectId":"5265863","subObjectId":"5265911"},{"fields":[],"objectId":"5265863","subObjectId":"5265912"},{"fields":[],"objectId":"5265863","subObjectId":"5265844"},{"fields":[],"objectId":"5265863","subObjectId":"5265840"},{"fields":[],"objectId":"5265863","subObjectId":"5265842"},{"fields":[],"objectId":"5265863","subObjectId":"5265839"},{"fields":[],"objectId":"5265863","subObjectId":"5265841"},{"fields":[],"objectId":"5265863","subObjectId":"5265837"},{"fields":[],"objectId":"5265863","subObjectId":"5265845"},{"fields":[],"objectId":"5265863","subObjectId":"5265843"},{"fields":[],"objectId":"5265863","subObjectId":"5265838"},{"fields":[],"objectId":"5265863","subObjectId":"5265846"},{"fields":[],"objectId":"5265864","subObjectId":"-1"},{"fields":[],"objectId":"5265864","subObjectId":"5265850"},{"fields":[],"objectId":"5265864","subObjectId":"5265849"},{"fields":[],"objectId":"5265864","subObjectId":"5265851"},{"fields":[],"objectId":"5265864","subObjectId":"5265847"},{"fields":[],"objectId":"5265864","subObjectId":"5265848"},{"fields":[],"objectId":"5265865","subObjectId":"-1"},{"fields":[],"objectId":"5265866","subObjectId":"-1"},{"fields":[],"objectId":"5265867","subObjectId":"-1"},{"fields":[],"objectId":"5265868","subObjectId":"-1"},{"fields":[],"objectId":"5265869","subObjectId":"-1"},{"fields":[],"objectId":"5265869","subObjectId":"5265853"},{"fields":[],"objectId":"5265869","subObjectId":"5265854"},{"fields":[],"objectId":"5265869","subObjectId":"5265852"},{"fields":[],"objectId":"5265870","subObjectId":"-1"},{"fields":[],"objectId":"5265871","subObjectId":"-1"},{"fields":[],"objectId":"5265872","subObjectId":"-1"},{"fields":[],"objectId":"5265873","subObjectId":"-1"},{"fields":[],"objectId":"5265874","subObjectId":"-1"},{"fields":[],"objectId":"5265875","subObjectId":"-1"},{"fields":[],"objectId":"5265913","subObjectId":"-1"}],"type":"FieldLabel"},{"rows":[{"fields":[],"objectId":"5265916","subObjectId":"-1"},{"fields":[],"objectId":"5265933","subObjectId":"-1"},{"fields":[],"objectId":"5265935","subObjectId":"-1"},{"fields":[],"objectId":"5265920","subObjectId":"-1"},{"fields":[],"objectId":"20","subObjectId":"-1"}],"type":"ViewName"}]},"schema":{"groups":[],"revision":null,"subTable":{},"table":{"fieldList":{"5265794":{"id":"5265794","label":"レコード番号","properties":{"noLabel":"false","required":"true"},"type":"RECORD_ID","var":"レコード番号"},"5265795":{"id":"5265795","label":"更新者","properties":{"noLabel":"false","required":"true"},"type":"MODIFIER","var":"更新者"},"5265796":{"id":"5265796","label":"作成者","properties":{"noLabel":"false","required":"true"},"type":"CREATOR","var":"作成者"},"5265797":{"id":"5265797","label":"更新日時","properties":{"noLabel":"false","required":"true"},"type":"MODIFIED_AT","var":"更新日時"},"5265798":{"id":"5265798","label":"作成日時","properties":{"noLabel":"false","required":"true"},"type":"CREATED_AT","var":"作成日時"},"5265799":{"id":"5265799","label":"ステータス","properties":{"noLabel":"false","required":"false"},"type":"STATUS","var":"ステータス"},"5265800":{"id":"5265800","label":"作業者","properties":{"noLabel":"false","required":"false"},"type":"STATUS_ASSIGNEE","var":"作業者"},"5265801":{"id":"5265801","label":"カテゴリー","properties":{"noLabel":"false","required":"false"},"type":"CATEGORY","var":"カテゴリー"},"5265855":{"id":"5265855","label":"age","properties":{"defaultValue":null,"digit":"false","displayScale":null,"max":null,"min":null,"noLabel":"false","required":"false","roundingMode":null,"scale":null,"unique":"false","unit":"","unitPosition":"BEFORE"},"type":"DECIMAL","var":"age"},"5265856":{"id":"5265856","label":"job","properties":{"defaultValue":null,"noLabel":"false","options":[{"id":"5265802","label":"blue-collar","valid":true},{"id":"5265803","label":"technician","valid":true},{"id":"5265804","label":"management","valid":true},{"id":"5265805","label":"services","valid":true},{"id":"5265806","label":"retired","valid":true},{"id":"5265807","label":"admin.","valid":true},{"id":"5265808","label":"housemaid","valid":true},{"id":"5265809","label":"unemployed","valid":true},{"id":"5265810","label":"entrepreneur","valid":true},{"id":"5265811","label":"self-employed","valid":true},{"id":"5265812","label":"unknown","valid":true},{"id":"5265813","label":"student","valid":true}],"required":"false"},"type":"SINGLE_SELECT","var":"job"},"5265857":{"id":"5265857","label":"marital","properties":{"defaultValue":"5265817","noLabel":"false","options":[{"id":"5265814","label":"married","valid":true},{"id":"5265815","label":"single","valid":true},{"id":"5265816","label":"divorced","valid":true},{"id":"5265817","label":"unknown","valid":true}],"required":"true"},"type":"SINGLE_CHECK","var":"marital"},"5265858":{"id":"5265858","label":"education","properties":{"defaultValue":"5265819","noLabel":"false","options":[{"id":"5265818","label":"basic.4y","valid":true},{"id":"5265824","label":"basic.6y","valid":true},{"id":"5265822","label":"basic.9y","valid":true},{"id":"5265821","label":"high.school","valid":true},{"id":"5265825","label":"illiterate","valid":true},{"id":"5265823","label":"professional.course","valid":true},{"id":"5265820","label":"university.degree","valid":true},{"id":"5265819","label":"unknown","valid":true}],"required":"false"},"type":"SINGLE_SELECT","var":"education"},"5265859":{"id":"5265859","label":"default","properties":{"defaultValue":"5265826","noLabel":"false","options":[{"id":"5265828","label":"yes","valid":true},{"id":"5265827","label":"no","valid":true},{"id":"5265826","label":"unknown","valid":true}],"required":"true"},"type":"SINGLE_CHECK","var":"default"},"5265860":{"id":"5265860","label":"housing","properties":{"defaultValue":"5265831","noLabel":"false","options":[{"id":"5265829","label":"yes","valid":true},{"id":"5265830","label":"no","valid":true},{"id":"5265831","label":"unknown","valid":true}],"required":"true"},"type":"SINGLE_CHECK","var":"housing"},"5265861":{"id":"5265861","label":"loan","properties":{"defaultValue":"5265834","noLabel":"false","options":[{"id":"5265833","label":"yes","valid":true},{"id":"5265832","label":"no","valid":true},{"id":"5265834","label":"unknown","valid":true}],"required":"true"},"type":"SINGLE_CHECK","var":"loan"},"5265862":{"id":"5265862","label":"contact","properties":{"defaultValue":"5265835","noLabel":"false","options":[{"id":"5265835","label":"cellular","valid":true},{"id":"5265836","label":"telephone","valid":true}],"required":"true"},"type":"SINGLE_CHECK","var":"contact"},"5265863":{"id":"5265863","label":"month","properties":{"defaultValue":null,"noLabel":"false","options":[{"id":"5265911","label":"jan","valid":true},{"id":"5265912","label":"feb","valid":true},{"id":"5265844","label":"mar","valid":true},{"id":"5265840","label":"apr","valid":true},{"id":"5265842","label":"may","valid":true},{"id":"5265839","label":"jun","valid":true},{"id":"5265841","label":"jul","valid":true},{"id":"5265837","label":"aug","valid":true},{"id":"5265845","label":"sep","valid":true},{"id":"5265843","label":"oct","valid":true},{"id":"5265838","label":"nov","valid":true},{"id":"5265846","label":"dec","valid":true}],"required":"false"},"type":"SINGLE_SELECT","var":"month"},"5265864":{"id":"5265864","label":"day_of_week","properties":{"defaultValue":null,"noLabel":"false","options":[{"id":"5265850","label":"mon","valid":true},{"id":"5265849","label":"tue","valid":true},{"id":"5265851","label":"wed","valid":true},{"id":"5265847","label":"thu","valid":true},{"id":"5265848","label":"fri","valid":true}],"required":"false"},"type":"SINGLE_SELECT","var":"day_of_week"},"5265865":{"id":"5265865","label":"duration","properties":{"defaultValue":null,"digit":"false","displayScale":null,"max":null,"min":null,"noLabel":"false","required":"false","roundingMode":null,"scale":null,"unique":"false","unit":"","unitPosition":"BEFORE"},"type":"DECIMAL","var":"duration"},"5265866":{"id":"5265866","label":"campaign","properties":{"defaultValue":null,"digit":"false","displayScale":null,"max":null,"min":null,"noLabel":"false","required":"false","roundingMode":null,"scale":null,"unique":"false","unit":"","unitPosition":"BEFORE"},"type":"DECIMAL","var":"campaign"},"5265867":{"id":"5265867","label":"pdays","properties":{"defaultValue":null,"digit":"false","displayScale":null,"max":null,"min":null,"noLabel":"false","required":"false","roundingMode":null,"scale":null,"unique":"false","unit":"","unitPosition":"BEFORE"},"type":"DECIMAL","var":"pdays"},"5265868":{"id":"5265868","label":"previous","properties":{"defaultValue":null,"digit":"false","displayScale":null,"max":null,"min":null,"noLabel":"false","required":"false","roundingMode":null,"scale":null,"unique":"false","unit":"","unitPosition":"BEFORE"},"type":"DECIMAL","var":"previous"},"5265869":{"id":"5265869","label":"poutcome","properties":{"defaultValue":"5265852","noLabel":"false","options":[{"id":"5265853","label":"success","valid":true},{"id":"5265854","label":"failure","valid":true},{"id":"5265852","label":"nonexistent","valid":true}],"required":"true"},"type":"SINGLE_CHECK","var":"poutcome"},"5265870":{"id":"5265870","label":"emp_var_rate","properties":{"defaultValue":null,"digit":"false","displayScale":null,"max":null,"min":null,"noLabel":"false","required":"false","roundingMode":null,"scale":null,"unique":"false","unit":"","unitPosition":"BEFORE"},"type":"DECIMAL","var":"emp_var_rate"},"5265871":{"id":"5265871","label":"cons_price_idx","properties":{"defaultValue":null,"digit":"false","displayScale":null,"max":null,"min":null,"noLabel":"false","required":"false","roundingMode":null,"scale":null,"unique":"false","unit":"","unitPosition":"BEFORE"},"type":"DECIMAL","var":"cons_price_idx"},"5265872":{"id":"5265872","label":"cons_conf_idx","properties":{"defaultValue":null,"digit":"false","displayScale":null,"max":null,"min":null,"noLabel":"false","required":"false","roundingMode":null,"scale":null,"unique":"false","unit":"","unitPosition":"BEFORE"},"type":"DECIMAL","var":"cons_conf_idx"},"5265873":{"id":"5265873","label":"euribor3m","properties":{"defaultValue":null,"digit":"false","displayScale":null,"max":null,"min":null,"noLabel":"false","required":"false","roundingMode":null,"scale":null,"unique":"false","unit":"","unitPosition":"BEFORE"},"type":"DECIMAL","var":"euribor3m"},"5265874":{"id":"5265874","label":"nr_employed","properties":{"defaultValue":null,"digit":"false","displayScale":null,"max":null,"min":null,"noLabel":"false","required":"false","roundingMode":null,"scale":null,"unique":"false","unit":"","unitPosition":"BEFORE"},"type":"DECIMAL","var":"nr_employed"},"5265875":{"id":"5265875","label":"y","properties":{"defaultValue":null,"digit":"false","displayScale":null,"max":null,"min":null,"noLabel":"false","required":"false","roundingMode":null,"scale":null,"unique":"false","unit":"","unitPosition":"BEFORE"},"type":"DECIMAL","var":"y"},"5265913":{"id":"5265913","label":"y_est","properties":{"defaultValue":null,"digit":"false","displayScale":null,"max":null,"min":null,"noLabel":"false","required":"false","roundingMode":null,"scale":null,"unique":"false","unit":"","unitPosition":"BEFORE"},"type":"DECIMAL","var":"y_est"},"5265914":{"id":"5265914","label":"グループ","properties":{"noLabel":"true","open":"false","required":"false"},"type":"GROUP","var":"グループ"}},"id":"1","label":"__ROOT__","var":"__ROOT__"}},"status":{"actions":[],"filters":[],"initialStateId":null,"states":[],"useStatus":"false"},"uuid":"8a013b6c-ad89-475e-8835-68e61bbf2e35","views":[{"advancedMode":"false","builtinType":null,"fields":[{"row":[{"id":"5265875"},{"id":"5265913"},{"id":"5265855"},{"id":"5265856"},{"id":"5265857"},{"id":"5265858"},{"id":"5265859"},{"id":"5265860"},{"id":"5265861"},{"id":"5265862"},{"id":"5265863"},{"id":"5265864"},{"id":"5265865"},{"id":"5265866"},{"id":"5265867"},{"id":"5265868"},{"id":"5265869"},{"id":"5265870"},{"id":"5265871"},{"id":"5265872"},{"id":"5265873"},{"id":"5265874"}]}],"filter":{"category":null,"offset":null,"order":["DESC"],"q":null,"size":null,"sort":["f5265794"]},"html":null,"keyFieldId":null,"name":"一覧","pager":null,"revision":null,"titleFieldId":null,"view":"5265916","viewType":"LIST"},{"advancedMode":"false","builtinType":null,"fields":[{"row":[{"id":"5265875"},{"id":"5265913"},{"id":"5265855"},{"id":"5265856"},{"id":"5265857"},{"id":"5265858"},{"id":"5265859"},{"id":"5265860"},{"id":"5265861"},{"id":"5265862"},{"id":"5265863"},{"id":"5265864"},{"id":"5265865"},{"id":"5265866"},{"id":"5265867"},{"id":"5265868"},{"id":"5265869"},{"id":"5265870"},{"id":"5265871"},{"id":"5265872"},{"id":"5265873"},{"id":"5265874"}]}],"filter":{"category":null,"offset":null,"order":["DESC"],"q":"f5265875 = \"1\"","size":null,"sort":["f5265794"]},"html":null,"keyFieldId":null,"name":"契約一覧","pager":null,"revision":null,"titleFieldId":null,"view":"5265933","viewType":"LIST"},{"advancedMode":"false","builtinType":null,"fields":[{"row":[{"id":"5265875"},{"id":"5265913"},{"id":"5265855"},{"id":"5265856"},{"id":"5265857"},{"id":"5265858"},{"id":"5265859"},{"id":"5265860"},{"id":"5265861"},{"id":"5265862"},{"id":"5265863"},{"id":"5265864"},{"id":"5265865"},{"id":"5265866"},{"id":"5265867"},{"id":"5265868"},{"id":"5265869"},{"id":"5265870"},{"id":"5265871"},{"id":"5265872"},{"id":"5265873"},{"id":"5265874"}]}],"filter":{"category":null,"offset":null,"order":["DESC"],"q":"f5265913 = \"1\"","size":null,"sort":["f5265794"]},"html":null,"keyFieldId":null,"name":"契約見込一覧","pager":null,"revision":null,"titleFieldId":null,"view":"5265935","viewType":"LIST"},{"advancedMode":"false","builtinType":null,"fields":[{"row":[{"id":"5265875"},{"id":"5265855"},{"id":"5265856"},{"id":"5265857"},{"id":"5265858"},{"id":"5265859"},{"id":"5265860"},{"id":"5265861"},{"id":"5265862"},{"id":"5265863"},{"id":"5265864"},{"id":"5265865"},{"id":"5265866"},{"id":"5265867"},{"id":"5265868"},{"id":"5265869"},{"id":"5265870"},{"id":"5265871"},{"id":"5265872"},{"id":"5265873"},{"id":"5265874"}]}],"filter":{"category":null,"offset":null,"order":["DESC"],"q":"f5265875 != \"\"","size":null,"sort":["f5265794"]},"html":null,"keyFieldId":null,"name":"機械学習モデル作成用","pager":null,"revision":null,"titleFieldId":null,"view":"5265920","viewType":"LIST"},{"advancedMode":null,"builtinType":"ALL","fields":[{"row":[{"id":"5265794"},{"id":"5265855"},{"id":"5265856"},{"id":"5265857"},{"id":"5265858"},{"id":"5265859"},{"id":"5265860"},{"id":"5265861"},{"id":"5265862"},{"id":"5265863"},{"id":"5265864"},{"id":"5265865"},{"id":"5265866"},{"id":"5265867"},{"id":"5265868"},{"id":"5265869"},{"id":"5265870"},{"id":"5265871"},{"id":"5265872"},{"id":"5265873"},{"id":"5265874"},{"id":"5265875"},{"id":"5265913"}]}],"filter":{"category":null,"offset":null,"order":[],"q":null,"size":null,"sort":[]},"html":null,"keyFieldId":null,"name":"（すべて）","pager":null,"revision":null,"titleFieldId":null,"view":"20","viewType":"LIST"}]}],"description":"kintone Café 東京 Vol.4 サンプル","iconKey":"20150903171005E116A9B56B3D4EBE831EE8F559A9F141059","iconMeta":{"internalName":null,"mime":"image/jpeg","name":"kintone_cup.jpg"},"iconSrcAppId":null,"iconType":"BLOB","idConversionMap":{"9":"8a013b6c-ad89-475e-8835-68e61bbf2e35"},"imagesMeta":[{"internalName":null,"mime":"image/png","name":"スクリーンショット 2015-09-03 12.02.01.png"},{"internalName":null,"mime":"image/png","name":"スクリーンショット 2015-09-03 12.03.29.png"},{"internalName":null,"mime":"image/jpeg","name":"kintoneCafeTokyo4.001.jpg"},{"internalName":null,"mime":"image/jpeg","name":"kintoneCafeTokyo4.002.jpg"}],"lookups":[],"name":"kintone-Cafe-Tokyo-4-pack","references":[],"version":"15"}